{
    "cities": {
        "Abbottabad": [34.1688, 73.2215],
        "Barkhan": [29.8985756, 69.5213761],
        "Dera Ghazi Khan": [30.0442699, 70.6164787],
        "Kholos": [27.1120, 54.3221],
        "Kohat": [33.5889, 71.4429],
        "Lahore": [31.5204, 74.3587],
        "Multan": [30.1575, 71.5249],
        "Peshawar": [34.0151, 71.5249],
        "Ashret": [35.4374189, 71.7424864],
        "Lyallpur": [31.4504, 73.1350],
        "Hyderabad, Pakistan": [25.3960, 68.3578],
        "Domel": [35.1666836,75.1579122],
        "Sau": [35.1672088,71.4583879],
        "Bumburet": [35.700556, 71.691667],
        "Amritsar": [31.6340, 74.8723],
        "Chachro": [25.1114675, 70.2482131],
        "Chelhar": [24.9817692, 69.9054411],
        "Palas Valley": [35.1, 73],
        "Kandia Valley": [35.4711417, 72.983716],
        "Duber Valley": [35.0387305, 72.8929272],
        "Bankhar": [35.0034506, 71.7394349],
        "Nirona": [23.4635215, 69.5137166],
        "Srinagar": [34.0837, 74.7973]
    }
}