{
    "cities": {
        "Abbottabad": [34.1688, 73.2215],
        "Barkhan": [29.8985756, 69.5213761],
        "Dera Ghazi Khan": [30.0442699, 70.6164787],
        "Kholos": [27.1120, 54.3221],
        "Kohat": [33.5889, 71.4429],
        "Lahore": [31.5204, 74.3587],
        "Multan": [30.1575, 71.5249],
        "Peshawar": [34.0151, 71.5249],
        "Ashret": [35.4374189, 71.7424864],
        "Lyallpur": [31.4504, 73.1350],
        "Hyderabad, Pakistan": [25.3960, 68.3578],
        "Domel": [35.1666836,75.1579122],
        "Sau": [35.1672088,71.4583879],
        "Bumburet": [35.700556, 71.691667]
    }
}