{
    "cities": {
        "Abbottabad": [34.1688, 73.2215],
        "Barkhan": [29.8985756, 69.5213761],
        "Dera Ghazi Khan": [30.0442699, 70.6164787],
        "Kholos": [27.1120, 54.3221],
        "Kohat": [33.5889, 71.4429],
        "Lahore": [31.5204, 74.3587],
        "Multan": [30.1575, 71.5249],
        "Peshawar": [34.0151, 71.5249],
        "Ashret": [35.4374189, 71.7424864],
        "Lyallpur": [31.4504, 73.1350],
        "Hyderabad, Pakistan": [25.3960, 68.3578],
        "Domel": [35.1666836,75.1579122],
        "Sau": [35.1672088,71.4583879],
        "Bumburet": [35.700556, 71.691667],
        "Amritsar": [31.6340, 74.8723],
        "Chachro": [25.1114675, 70.2482131],
        "Chelhar": [24.9817692, 69.9054411],
        "Palas Valley": [35.1, 73],
        "Kandia Valley": [35.4711417, 72.983716],
        "Duber Valley": [35.0387305, 72.8929272],
        "Bankhar": [35.0034506, 71.7394349],
        "Nirona": [23.4635215, 69.5137166],
        "Srinagar": [34.0837, 74.7973],
        "Zargar": [36.056111, 50.3825],
        "Udaipur District": [24.4539374,73.1249413],
        "Chittorgarh District": [24.7112168,74.3982616],
        "Rajsamand District": [25.36964, 73.3717826],
        "Bhilwara District": [25.4882951,74.1774777],
        "Pali District": [25.6049954, 73.0282278],
        "Ajmer District": [26.314497, 74.0705789],
        "Mandsaur District": [24.2615755,74.843006],
        "Baran District": [24.9169235,76.2529169],
        "Bundi District": [25.4387945, 75.525803],
        "Jhalawar District": [24.3133584, 75.643966],
        "Kota District": [25.1898923, 75.5452873],
        "Gurgaon District": [28.3699506, 76.8241544],
        "Mathura District": [27.6084572, 77.3572337],
        "Bharatpur District": [27.2669797, 76.7575055],
        "Alwar District": [27.6392653, 76.117836],
        "Dara-i-Nur": [34.686529, 70.580262],
        "Mastuj": [36.283333, 72.516667],
        "Lakhimpur": [27.95, 80.77],
        "Ballia": [25.7644852, 84.1141016],
        "Saran": [26.0501327, 84.6234828],
        "Champaran": [26.8437, 84.6826],
        "Gorakhpur": [26.7638512, 83.3338713],
        "Basti": [26.8035164,82.7166687],
        "Azamgarh": [26.0569892, 83.1195258],
        "Varanasi": [25.3209013, 82.9210686],
        "Mirzapur": [25.1435339, 82.5164591],
        "Rankhandi": [29.6162776, 77.6456594],
        "Sivaya": [28.6405436, 77.6772402],
        "Kalron": [29.5746938, 76.9936954],
        "Delhi": [28.7041, 77.1025],
        "Lucknow": [26.8467, 80.9462],
        "Madi": [27.4341149, 84.2567222],
        "Dhaka": [23.7808875, 90.2792399],
        "Jaipur District": [27.1425146, 75.0397602],
        "Dausa District": [26.8081372, 76.3211784],
        "Tonk District": [26.1208657, 75.4324433],
        "Sikar District": [27.6615945, 74.8317859],
        "Jhunjhunu District": [28.0774315, 74.9989987],
        "Churu District": [28.2051539, 74.0933669],
        "Bikaner District": [28.1101091, 71.912435],
        "Jodhpur District": [26.7335405,72.2756546],
        "Jaisalmer District": [27.0243821, 69.7869516],
        "Nagaur District": [27.0587728, 73.6671699],
        "Jalore District": [25.2087915, 71.5788423],
        "Upper Assam": [26.915029, 94.337478],
        "Minicoy": [8.2740, 73.0496],
        "Malé City": [4.1755, 73.5093],
        "Addu City": [0.6301, 73.1586],
        "Fuvahmulah City": [0.2984, 73.4269],
        "Haddhunmathi (Laamu) Atoll": [1.9333, 73.4167],
        "Huvadhu (Gaafu Alifu/Dhaalu) Atoll": [0.5000, 73.3000],
        "Northern Province": [8.7542, 80.4982],
        "Western Province": [6.9271, 79.8612],
        "Maduru Oya National Park": [7.4844, 81.1812],
        "Kadugannawa": [7.2550, 80.5188],
        "Kurunegala": [7.4818, 80.3609],
        "Pune": [18.5204, 73.8567],
        "Kochi": [9.9312, 76.2673],
        "Varapuzha": [10.0758, 76.2714],
        "Kasaragod": [12.4996, 74.9869],
        "Kannur": [11.8745, 75.3704],
        "Kodungallur": [10.2277, 76.1971],
        "Thiruvananthapuram": [8.5241, 76.9366],
        "Muscat": [23.5880, 58.3829],
        "Doda District": [33.1253066, 75.4512808],
        "Thanjavur": [10.7870, 79.1378],
        "Tiruchirappalli": [10.7905, 78.7047],
        "Madurai": [9.9252, 78.1198],
        "Kanyakumari": [8.0883, 77.5385],
        "Negombo": [7.2008, 79.8737],
        "Jaffna": [9.6615, 80.0255],
        "Trincomalee": [8.5874, 81.2152],
        "Batticaloa": [7.7310, 81.6747],
        "Bengaluru": [12.9716, 77.5946],
        "Mysuru": [12.2958, 76.6394],
        "Northern Malenadu": [14.859494, 75.140456],
        "Dakshina Kannada District": [12.87, 74.88],
        "Kannur District": [11.8689, 75.35546],
        "Guntur": [16.3008, 80.4428],
        "Masinagudi": [11.5702218, 76.6339301],
        "Theppakadu": [11.579939, 76.5813214],
        "The Nilgiris District": [11.4483606, 76.3438637],
        "Kodagu District": [12.4208, 75.7397],
        "Udupi District": [13.35, 74.75],
        "Bastar District": [19.066667, 82.033056],
        "Koraput District": [18.8083, 82.7083],
        "Chandgad": [15.9485749, 74.165799],
        "Malwan": [16.0618956, 73.4569928],
        "Sangameshwar": [17.1876784, 73.5480701],
        "Trimbak": [19.93, 73.53],
        "Dhule": [20.8857109, 74.6938202],
        "Udgir": [18.3907613, 77.102394],
        "Akkalkot": [17.5200165, 76.1831049],
        "Bardez": [15.5723, 73.8184],
        "Salcete": [15.2437, 73.9830],
        "Pauri": [30.15, 78.78],
        "Kudagama": [7.3635, 80.3575],
        "Kalawewa": [8.0116, 80.5577],
        "Kaluwewa": [8.0447217,80.7358237],
        "Kandi": [23.9540798, 88.0288336],
        "Cachar District": [24.7447435, 92.2753268],
        "Barpeta District": [26.4363504, 90.6821876],
        "Jamnagar District": [22.3285115, 69.634599],
        "Rangamati": [22.6558186, 92.1643066],
        "Kolkata": [22.5726, 88.3639],
        "Goalpara District": [26.0505103, 90.050489],
        "Ballari": [15.1357583, 76.8365523],
        "Gulbarga": [17.3390841, 76.8049206],
        "Kumta": [14.4269499, 74.4100708],
        "Nanjangud": [12.1132631, 76.6577359],
        "Aleppo": [36.2021, 37.1343],
        "Jerusalem": [31.7683, 35.2137],
        "Tashkent": [41.2995, 69.2401],
        "Reasi": [33.0803547, 74.8189317],
        "Ramnagar, Udhampur District": [32.8063033, 75.305872],
        "Udhampur": [32.9158516, 75.1337831],
        "Samba": [32.5474968, 75.0916353],
        "Bilawar": [32.6132547, 75.5960049],
        "Chakrata": [30.7033013, 77.857983],
        "Bhandroli": [30.8395707, 77.8309553],
        "Chapanu": [30.5678692, 77.8511676],
        "Kandar": [30.7403681, 77.8692752],
        "Maindrath": [30.9335381, 77.8934002],
        "Lakhamandal": [30.7292082, 78.0669752],
        "Hanumangarh District": [29.3653207, 74.1100587],
        "Ganganagar District": [28.1101091, 71.912435],
        "Sri Ganganagar District": [29.4527075, 72.9112639],
        "Sirsa District": [29.6070027, 74.6227295],
        "Ferozepur District": [30.9535818, 74.437995],
        "Fatehabad District": [29.5341887, 75.3271343],
        "Hisar District": [29.2206925, 75.5381793],
        "Bhubaneswar": [20.2961, 85.8245],
        "Darbhanga": [26.1542, 85.8918],
        "Rajbiraj": [26.5420506, 86.7248103],
        "Biratnagar": [26.4483491, 87.2017668],
        "Vadodara": [22.3072, 73.1812],
        "Gandhinagar": [23.2156, 72.6369],
        "Surendranagar": [22.7251, 71.6370],
        "Kheda": [22.7507, 72.6847]
    },
    "family": {
        "Punjabi": ["Indo-Aryan", "Punjabic"],
        "Saraiki": ["Indo-Aryan", "Lahndic"],
        "Sindhi": ["Indo-Aryan", "Sindhic"],
        "Hindko": ["Indo-Aryan", "Lahndic"],
        "Kutchi": ["Indo-Aryan", "Sindhic"],
        "Khetrani": ["Indo-Aryan", "Sindhic"],
        "Kholosi": ["Indo-Aryan", "Sindhic"],
        "Luwati": ["Indo-Aryan", "Sindhic"],
        "Zargari": ["Indo-Aryan", "Romani"],
        "Palula": ["Indo-Aryan", "Dardic"],